Id;2010y
0;26306.149409611637
1;10183.400221684577
2;8757.462582582086
3;8042.655933502944
4;7687.050876025802
5;7400.235256902553
6;6974.191486020333
7;4707.142802769531
8;4540.466046289065
9;4488.077161900598
10;3919.537808482509
11;3906.1004396313624
12;3781.804887114483
13;3743.745039200889
14;3497.9777371783275
15;3376.619987043424
16;3293.284973437276
17;3139.964356373438
18;3032.580257509595
19;2887.27389400346
20;2880.629878770846
21;2788.504155888246
22;2783.077912590804
23;2733.874771995582
24;2723.848024667765
25;2636.312770383632
26;2496.4241295677484
27;2488.771066228391
28;2427.3719342015543
29;2422.4475897988127
30;2357.8023206224093
31;2244.6040977858147
32;2177.7575854033335
33;2124.7046813434354
34;2101.5621331552247
35;2082.5310377827473
36;2025.0889715316262
37;1929.404070181509
38;1805.6039551348254
39;1769.4495471894224
40;1747.6926841046838
41;1708.105382680109
42;1678.2910289887543
43;1670.2538729840371
44;1660.7635508434698
45;1638.84220741827
46;1607.1183342019415
47;1558.969448929514
48;1502.1807921002219
49;1462.8955350215233
50;1459.5547437642952
51;1400.1383429490397
52;1396.5254295443885
53;1364.5776158585386
54;1318.6971285721147
55;1318.5026999899637
56;1303.9232121499172
57;1300.6977471125588
58;1247.6548821896074
59;1246.7240431785344
60;1240.3877242849899
61;1222.9049342975275
62;1208.0808426196982
63;1169.0896548130347
64;1157.6808623771205
65;1129.569645934658
66;1124.1133449075487
67;1084.231202003511
68;1049.55591024336
69;1024.1546528089823
70;1013.8688377532831
71;1003.5116671853078
72;1000.9624395177041
73;996.6789784174072
74;992.3753017106691
75;989.4321483791458
76;983.7030404841437
77;976.1750092154683
78;972.759672407668
79;959.4146020202411
80;958.0760128999696
81;954.3780162560124
82;942.3763683546069
83;937.8612829568721
84;936.8369041784563
85;932.5414949649544
86;925.1354568539969
87;922.6422910552799
88;920.2695908672365
89;904.6696333748579
90;861.0831642852629
91;853.3907157662983
92;851.2078775899014
93;844.3624826147983
94;835.490421378741
95;823.2838801657864
96;820.3602458768535
97;815.466913572235
98;796.1588396181359
99;782.780586459027
100;780.1687158484372
101;759.1245002715494
102;756.9717955346338
103;754.6717519883819
104;745.5780247335612
105;734.6053842488449
106;731.4826650538828
107;722.6500364953679
108;712.9061798812313
109;705.0445140879381
110;702.880949914172
111;702.3875094368856
112;697.6291407116164
113;690.4075369749634
114;681.978283781495
115;678.1018515474005
116;671.1524116721556
117;669.3595996233216
118;668.26382741704
119;667.5784226512466
120;664.540086322719
121;661.4493378902331
122;655.2903673153625
123;649.391837773461
124;636.9374466126504
125;629.0292305569283
126;627.3639619113294
127;627.090820238399
128;623.5170942815217
129;617.479305360695
130;614.7673637314156
131;613.4727049186127
132;613.229193535616
133;603.3328396382373
134;593.7326261660564
135;591.6524576875204
136;589.9742066515321
137;588.5119057436968
138;587.673725516187
139;584.4447298700808
140;579.1292002358366
141;576.1363008817086
142;573.1758316231762
143;564.4461028544065
144;560.8391217249441
145;554.1615239193928
146;552.891532937204
147;550.9794092601751
148;536.134463092176
149;533.2763335547926
150;530.5023105279856
151;527.4871451648287
152;525.8644697726934
153;512.6755015344629
154;506.3377167845691
155;505.5495931643654
156;505.3283672205633
157;503.48287593497656
158;501.9283625040252
159;498.59434346617445
160;497.6995123979981
161;492.4296368692779
162;488.2151465118061
163;487.75095584963583
164;487.74231056778973
165;487.0387176162127
166;484.52888035331165
167;483.0594033194679
168;481.2823160337585
169;478.4413773321477
170;476.78411852234666
171;471.6549979856634
172;466.9225831855907
173;460.07659137776886
174;457.5143152153223
175;452.52127453412015
176;452.3993877942961
177;451.6263875581805
178;449.8544949127701
179;449.3577365504859
180;446.9930327333448
181;443.92022238247307
182;430.6305995836572
183;429.47499911186605
184;429.2153903356512
185;428.2468729455572
186;416.24644158769917
187;409.91873619563904
188;408.5533635281668
189;406.90598643830924
190;402.294117365561
191;401.7881308785636
192;398.82214785026565
193;395.92267723629095
194;392.9521936995926
195;388.2337000144037
196;387.6978444343841
197;386.65478884180186
198;385.0173916602458
199;383.3431083000069
200;374.6081696071136
201;373.3397073177886
202;371.54615573406915
203;370.7589181834551
204;368.47343060963425
205;367.5420762832413
206;367.0062379057654
207;363.3250358713303
208;362.08921046412775
209;360.1036124105623
210;357.28309582078987
211;353.4452952108553
212;353.0071117736887
213;351.6953866009204
214;350.38003068086977
215;348.4572716166844
216;348.05211423626145
217;341.83898981895805
218;336.4832203828421
219;336.12300205082624
220;335.1196397499995
221;334.7410868803242
222;334.5719326761295
223;334.28656585916946
224;333.29425273635684
225;329.3619108602679
226;329.3428341627752
227;327.9260604024847
228;326.5508815789923
229;326.46999483753615
230;326.33195930637885
231;325.2764266685997
232;325.01012401780963
233;321.269020662787
234;319.8352184422077
235;318.75580933122444
236;318.5722979057546
237;318.3806226417338
238;316.81902154870926
239;315.90226734158034
240;312.7587584683761
241;312.0644786221398
242;311.60854831645065
243;309.597938674266
244;307.62235702972157
245;306.98316900715713
246;306.02267350907397
247;299.83208964219466
248;298.94196474728227
249;298.7583132663777
250;293.93579954921614
251;291.9935848496671
252;291.94347286512624
253;291.2796200400675
254;288.9759660090596
255;286.85781024216243
256;286.456080776235
257;284.9702852351908
258;284.24932169795574
259;284.158318426178
260;283.9677902576157
261;283.22909378434485
262;278.0585895865375
263;277.95489385320093
264;277.7383198450082
265;277.7271104123348
266;277.25790300348956
267;276.4325045986324
268;275.8625799891164
269;274.8455405135002
270;274.3177983256417
271;274.01663927493973
272;273.50233521009346
273;271.1613175086192
274;269.71461718069395
275;269.16969201815465
276;267.31213218581894
277;266.7593909217692
278;264.9130782745734
279;263.4924815229763
280;261.8106528091708
281;261.2513433641801
282;258.64403616688884
283;257.5623879409019
284;255.87876246719583
285;252.32187956275988
286;251.87735181253905
287;251.68314317541075
288;251.4001657339512
289;250.22645143757808
290;249.57631639434047
291;249.12238699724074
292;246.38775959929325
293;245.1013819955163
294;243.366507932385
295;243.19168399666614
296;238.48592465286833
297;238.44665266443684
298;237.5470542698532
299;234.99523573719938
300;234.2840409503977
301;233.83194838291956
302;232.4543331649356
303;231.5508353960531
304;230.63363362798268
305;229.20106100419656
306;228.59191430296508
307;228.4360034093597
308;227.60027051872018
309;227.45479798054834
310;226.58247268417517
311;226.0537521155644
312;225.0236910690804
313;224.4548211367408
314;222.12956860854092
315;221.80452922577987
316;219.4702919785106
317;218.71939256015148
318;217.16346657329808
319;215.96727516526707
320;215.8385928333525
321;215.71541306571217
322;215.2341197719167
323;215.06015683374582
324;214.85008617569832
325;212.63528054254706
326;211.92070066639468
327;211.7735568165711
328;211.14347534907492
329;210.84436273846757
330;210.6940818606749
331;209.7103123591288
332;209.1277427668891
333;208.8489544268034
334;208.53232909205337
335;207.19391533523304
336;206.59803395983846
337;205.7050475090598
338;205.2274070333605
339;205.03524680823577
340;204.79483309476424
341;202.5126095373861
342;200.20398077679334
343;199.94152305116887
344;199.54202685074338
345;197.06518219699427
346;196.9218468659129
347;196.5206736645508
348;195.50995677059842
349;193.05019889264966
350;192.80908561447666
351;192.27822170048574
352;190.80087088149213
353;190.58023013822276
354;190.29233363982993
355;189.38257411987553
356;186.12181747271336
357;185.5347027195221
358;185.47482216160543
359;184.76519341449728
360;183.94109224026923
361;183.90122283991158
362;183.51865048159598
363;182.66674314064238
364;182.5445305667009
365;181.03887827189985
366;180.938729386935
367;180.7115597221403
368;179.88946066607957
369;179.6754167110067
370;179.11818864220731
371;178.63698024183697
372;177.60641038046987
373;177.52062671998974
374;177.04608263756663
375;176.6965635353677
376;176.36720345042642
377;176.26823701650443
378;176.16630960503943
379;175.43509104305951
380;173.73526830292914
381;173.4884177331335
382;172.94319100980948
383;172.89670122999541
384;171.13329564365822
385;170.5052715359829
386;170.43454129399473
387;168.854780063198
388;167.98478691139888
389;167.97863070476265
390;167.9324267458823
391;166.56963938821508
392;166.30464456185183
393;165.61004775590132
394;165.49427398553263
395;164.72160666978456
396;164.17636547733167
397;163.6193380906362
398;163.52344869797602
399;162.66600489225428
400;162.58722048087867
401;162.1411845317955
402;161.31114042029262
403;161.28813202679592
404;161.1892819163603
405;160.8806929519088
406;159.592348638376
407;158.21039441068078
408;156.99774751858226
409;156.43890616240856
410;156.20381664205146
411;155.94175605985765
412;154.74318570562636
413;154.13969613135635
414;154.13488867738496
415;152.9553473886956
416;152.90763754665855
417;152.71834904031803
418;152.51722089558086
419;152.45920804750324
420;152.39471547119652
421;152.18563171042814
422;151.94511342392792
423;151.90496686781086
424;150.8502431923212
425;150.6821955004577
426;150.6055167330913
427;150.476761652528
428;149.57885708598647
429;148.6991500325645
430;148.1859994622914
431;147.3744806175948
432;147.1789740054797
433;146.85142603237756
434;146.68944179383539
435;146.48671905233985
436;146.26656266956337
437;146.06297580320359
438;145.58426938225506
439;144.78187680886572
440;144.40156833179176
441;144.2316228227439
442;144.0957928202659
443;144.05542324303812
444;143.8886025659555
445;143.72949234583712
446;143.5132754433787
447;143.20876978198137
448;142.60682517052598
449;142.37780773814296
450;142.21360171841187
451;142.15341774804702
452;141.8692152713076
453;141.52888032467132
454;141.30961221324156
455;141.22859687795489
456;140.773747866362
457;140.45274957341604
458;139.87722142201056
459;139.0733937450143
460;138.57641800523402
461;137.69458602237827
462;137.42406035566057
463;137.23211115572894
464;136.61115034428212
465;136.48505108422523
466;136.23222617285634
467;136.2242539257931
468;136.20144828187182
469;134.01042750500352
470;133.58616753518433
471;133.45447086066335
472;133.34110039261276
473;132.2056450225592
474;131.56813773071562
475;131.2083647914992
476;131.11212742495692
477;130.80527865593584
478;129.99106813506907
479;129.69529815908933
480;129.63803384191934
481;129.21854730818026
482;129.0432099234545
483;128.47180145112674
484;128.42680566487206
485;127.84292717527381
486;127.2694725736968
487;127.13239355651518
488;126.70948948967623
489;126.31045912068487
490;126.00460396567719
491;125.96399509675899
492;125.63495586172388
493;125.58464109070205
494;125.54167013964036
495;125.30803113502856
496;125.10953863806175
497;124.95689899606633
498;124.92875713484295
499;124.04600854816498
500;123.93462941005367
501;123.7231553972307
502;123.65628066504685
503;123.46404288478703
504;123.26974809127177
505;123.19786542387642
506;122.85498822743637
507;122.80235685235773
508;122.59619100476198
509;121.94274945702604
510;121.8419077167688
511;121.62218358729612
512;121.29665666195358
513;121.28617965578319
514;121.07099861873051
515;120.22330465155055
516;120.00875360473141
517;119.6199876466814
518;119.5250374290772
519;118.99298727038565
520;118.48727374062051
521;118.24930003517528
522;118.18976582237686
523;117.6953922475512
524;116.78134232397655
525;116.60327139935683
526;116.46656350561727
527;116.01270173840739
528;115.5685625068123
529;115.36020187417901
530;115.19945226919788
531;114.85455476468645
532;114.42952138586224
533;114.37207773760662
534;114.33033569324671
535;114.24568150033159
536;113.75388411431052
537;113.74505300898755
538;113.65014346733612
539;113.07231978293927
540;113.01829161362986
541;113.01393885238456
542;112.95722689764214
543;112.80592173183751
544;112.62191772018684
545;112.61323868766233
546;112.54429303960488
547;112.5423924066085
548;112.54018373798323
549;111.76156443411061
550;111.64952936664382
551;110.75635065548622
552;110.6936050860772
553;110.44550191295163
554;110.00522879345958
555;110.00150319611998
556;109.90954393869917
557;109.85137151363901
558;109.63382322924267
559;109.63070959414758
560;109.30877357866794
561;109.13944824238642
562;108.93448302711282
563;108.86866104875902
564;108.5297608384046
565;108.03528522227771
566;107.95042659609523
567;107.63660093486524
568;107.46764669388274
569;107.04362236807512
570;107.01118356163848
571;106.97229539837768
572;106.8801716869073
573;106.4629219182754
574;105.75070488784495
575;105.54643417293636
576;105.49973731252047
577;104.95149778994978
578;104.87579662831284
579;104.83885066731443
580;104.0970412104053
581;104.06203656295264
582;103.77752980990327
583;103.74334753831522
584;103.16926191596338
585;103.10654715741231
586;103.08001108648438
587;102.76208372677847
588;102.69917953081094
589;102.34192868495867
590;102.26550555674442
591;102.26287877488166
592;102.19095266171259
593;101.91400489504825
594;101.74901694146818
595;101.13970023778401
596;101.03100937871524
597;100.86047375648178
598;100.7658878765081
599;100.75079411358931
600;100.45616513493694
601;100.2793625908718
602;100.0359364688729
603;99.91796681822913
604;99.60835368505501
605;99.19926464301996
606;99.15939855696134
607;99.003551710711
608;98.72618641894996
609;98.70885455701575
610;98.62294335438982
611;98.59979775350307
612;98.54379545415641
613;98.480296368583
614;97.92540550011144
615;97.78347314315415
616;97.77346584645892
617;97.73886467188069
618;97.46761831263247
619;96.97167685423223
620;96.80373394309194
621;96.75340098953914
622;96.39189448312622
623;96.34461485835605
624;96.18064701290962
625;95.68489516382857
626;95.35982343924238
627;95.18111783117268
628;95.1402275489481
629;95.04179970593393
630;94.98229993875351
631;94.45982225485068
632;93.95242123249713
633;93.89249337736645
634;93.87869987123406
635;93.6165999891926
636;93.50161863798374
637;93.49382066481174
638;93.38325470846992
639;93.28732975115118
640;93.23637298577273
641;92.62113862436132
642;92.34686861062566
643;92.34023634357075
644;92.32454261064949
645;91.58509311364554
646;91.51505204213954
647;91.26379375124989
648;91.08937511785818
649;91.08416828840957
650;90.53885652141821
651;90.47019793764011
652;90.41276176890558
653;89.47157531782551
654;89.04244760535052
655;88.95714116091132
656;88.68463777184093
657;88.33946646311287
658;87.94186141698239
659;87.92102962622225
660;87.72903822951655
661;87.41185776324274
662;87.24555687321362
663;86.86862019296964
664;86.73314741524644
665;86.42675693659598
666;86.36117283474721
667;86.2848832188428
668;86.18642530670584
669;85.54955130639124
670;85.22217194158141
671;84.89696403041289
672;84.76329693383462
673;84.55392142004519
674;84.50732754965944
675;84.25895424271629
676;84.13994182877417
677;84.04724732059577
678;83.73536263794804
679;83.62037677927239
680;83.18906400514291
681;82.88768227780744
682;82.8811456270058
683;82.77609703553846
684;82.6477865663791
685;82.58347331037515
686;82.26439137977056
687;81.93360219650057
688;81.8364310101888
689;81.55383164709924
690;81.46036168277259
691;81.4309926588864
692;81.39332242502215
693;81.2343951369738
694;81.00687923712483
695;80.85306222612132
696;80.60684880889009
697;80.5884361392374
698;80.50415472727606
699;80.39818404172074
700;80.24493183023473
701;80.06399170061697
702;80.06393992704368
703;79.87581888603951
704;79.84342691328465
705;79.70137094604904
706;79.61173094151584
707;79.51742134716248
708;79.47592286377942
709;79.41094558561106
710;79.23420696346615
711;79.21723938278991
712;79.09775864588535
713;78.98083860125602
714;78.60608176496653
715;78.56832636681843
716;78.32625666329403
717;78.0602109893007
718;78.04078932819326
719;77.97790323471668
720;77.75261485369396
721;77.75032253219808
722;77.71781536481548
723;77.40659912753107
724;77.31271824535398
725;77.12626747542463
726;76.81271887499213
727;76.77849200994885
728;76.63399205645764
729;76.54436272062576
730;76.35043132522556
731;76.10688434910482
732;75.87430871143948
733;75.82100262915695
734;75.55670814669276
735;75.49944760602756
736;75.26583440647802
737;75.09626105622108
738;75.0943679077972
739;75.04078734762936
740;74.84362867866363
741;74.508776046621
742;74.31115031755866
743;74.29461035437545
744;74.27310124472126
745;74.23454360756693
746;73.76201621617183
747;73.55017476718287
748;73.33879377725583
749;72.8432345031663
750;72.71125276596166
751;72.6567751882857
752;72.55824920840111
753;72.36379970585392
754;71.9950551729345
755;71.9437070995791
756;71.87623130614024
757;71.74953871217471
758;71.57705366135562
759;71.49941403776621
760;71.43536791543038
761;71.34866521983855
762;71.1324728296018
763;71.0132428570644
764;70.91764808626635
765;70.8957466792399
766;70.76774836883483
767;70.71140709815367
768;70.70535463212623
769;70.56594086515209
770;69.73489824640292
771;69.41544746561189
772;69.36456479850017
773;68.96539902656505
774;68.85612721733719
775;68.8357349776548
776;68.68262544837849
777;68.35267990168882
778;68.17810287435532
779;68.14767763441698
780;67.96846175979536
781;67.85927838008506
782;67.45786946326888
783;67.2047361055353
784;66.94370359708711
785;66.9041755886097
786;66.78503860230997
787;66.69112302427432
788;66.41691629456169
789;66.24140140778144
790;66.21031555488524
791;66.06790495414756
792;65.86878401665494
793;65.77248424119047
794;65.70745546917095
795;65.66772037564127
796;65.32490978405244
797;65.17084870426878
798;64.96151776707407
799;64.78792983747162
800;64.73328441231133
801;64.63086417950687
802;64.6080940347349
803;64.5326095255936
804;64.10105951133966
805;63.89060061591345
806;63.70889755604692
807;63.69969012112331
808;63.54622564587028
809;63.4786901734117
810;63.47140136182271
811;63.46494503483338
812;63.17326676157742
813;63.05814008196301
814;62.99319408965705
815;62.991321810386594
816;62.97589836102506
817;62.94632864483968
818;62.913981082923506
819;62.72214092164366
820;62.623442750502605
821;62.549986869901794
822;62.537795412310246
823;62.48871445314313
824;62.34729999711222
825;62.17329898535236
826;61.668572518496646
827;61.40045394893853
828;61.39568581024356
829;61.30001596395249
830;61.043645931406985
831;60.842891031420315
832;60.80126584977014
833;60.746708635406506
834;60.63238499994303
835;60.603267378998886
836;60.455108693498026
837;60.31309580492416
838;60.23168538992222
839;60.15872561339001
840;59.921080558098666
841;59.89615932080598
842;59.87660206717345
843;59.761883705524674
844;59.466067644164575
845;59.36710792063709
846;59.29353946577886
847;58.94640962800856
848;58.839561343266276
849;58.82823086423155
850;58.76664890202356
851;58.562193885057646
852;58.54065463381815
853;58.42909427566246
854;58.25872703341979
855;58.08610837505889
856;58.04582118736603
857;57.90104906994848
858;57.842688542302916
859;57.40620121347486
860;57.322914122104315
861;57.24761536911247
862;57.24518796695007
863;56.813095804176555
864;56.756280810225405
865;56.500256272112445
866;56.42222840625623
867;56.259894495156935
868;56.22900223089271
869;56.19967514040327
870;56.17431816483308
871;56.08490869549942
872;55.98009453081304
873;55.97242890548011
874;55.88346778643665
875;55.83864829760148
876;55.80640657195291
877;55.79864570164098
878;55.79548507151822
879;55.74068728987212
880;55.74054410102635
881;55.501608850609095
882;55.46743279538328
883;55.33137131420204
884;55.2830916777508
885;55.22329181713222
886;55.087775999476946
887;55.01848738245432
888;55.0083642675577
889;54.9913340774866
890;54.91502924660833
891;54.73464655611035
892;54.67872597696318
893;54.66057673508992
894;54.643801613269794
895;54.56557453836541
896;54.56101518423464
897;54.509944761260385
898;54.46513799271747
899;54.453471198488224
900;54.186501437285436
901;54.1258508200416
902;54.0863736684056
903;53.977425904277716
904;53.7909956659078
905;53.72093404139948
906;53.674356733444945
907;53.634328792214475
908;53.5097174933282
909;53.49480820351463
910;53.46560329691357
911;53.46430826383189
912;53.43556598722878
913;53.356541704781634
914;53.29812997435285
915;52.95098332110006
916;52.79380703978784
917;52.73576270591538
918;52.59103030639838
919;52.532001529352016
920;52.520614077529295
921;52.51471664127835
922;52.38061638492841
923;52.29643950528467
924;52.11599386062457
925;52.060733280591016
926;51.90177304242543
927;51.891316403105336
928;51.82558462518853
929;51.41811612072913
930;51.39543917404797
931;51.3312501789901
932;51.32632108502439
933;51.26004791178585
934;50.86852924813344
935;50.7574738514559
936;50.65400244905516
937;50.56113828118826
938;50.513906810551795
939;50.44525972579901
940;50.3934645154024
941;50.34708589120782
942;50.20862595094498
943;50.04547678350444
944;49.98517161642688
945;49.94076788098285
946;49.92102815532117
947;49.8115061022406
948;49.637338186303005
949;49.57626351498215
950;49.48698459164981
951;49.28563090378273
952;49.1979407127876
953;48.96443938223545
954;48.95901228964416
955;48.92983428731627
956;48.83709824408505
957;48.75452081884281
958;48.721237064509666
959;48.717144736408095
960;48.59319156605035
961;48.58617284342952
962;48.471461493120096
963;48.40165873120101
964;48.37453385157616
965;48.26992687488244
966;48.144817639590585
967;48.00751756431817
968;47.915622347122024
969;47.859751756376596
970;47.78407736503867
971;47.73552115953999
972;47.70600922804289
973;47.571728469978886
974;47.43637475764588
975;47.17221327704785
976;46.9987184036755
977;46.948368350067824
978;46.89651387190563
979;46.82335242248921
980;46.811118987478174
981;46.79616248113043
982;46.77394522458625
983;46.70830085069618
984;46.706697123563025
985;46.62023036651797
986;46.46064999522207
987;46.35951134568982
988;46.31440297869188
989;46.19848491976991
990;46.18624812982857
991;46.111648075497364
992;46.07516253199938
993;46.073949325483284
994;46.03003562256315
995;46.02207339901125
996;45.99133122005047
997;45.93037072618416
998;45.927762715543345
999;45.903628444454974
1000;45.627842863413704
1001;45.608755843017995
1002;45.55171229827744
1003;45.438068784034336
1004;45.43422965686854
1005;45.41994865090312
1006;45.40423034728259
1007;45.22543107112061
1008;44.96315676916555
1009;44.932840233446655
1010;44.75278007869529
1011;44.720187892955614
1012;44.6526128398793
1013;44.61525093393168
1014;44.519207604788996
1015;44.4622401288525
1016;44.460023159261056
1017;44.45917754508033
1018;44.217902009174324
1019;44.2118319160006
1020;44.114202172212444
1021;44.09064406430868
1022;44.08354818039884
1023;44.065353658602774
1024;44.04318971384117
1025;43.990670942412194
1026;43.96113388191576
1027;43.91160428544609
1028;43.88838640834297
1029;43.85230198088955
1030;43.84060664523863
1031;43.741527666750656
1032;43.69794610468128
1033;43.69555872491036
1034;43.657228705429205
1035;43.61774551029415
1036;43.550505923795406
1037;43.50546898293697
1038;43.46194903532686
1039;43.42020690288388
1040;43.32521213984092
1041;43.23532427275696
1042;43.203881416073386
1043;43.17365027223867
1044;42.96532806754
1045;42.96239418394378
1046;42.93614183941491
1047;42.89565769166849
1048;42.701131580273426
1049;42.58237527382075
1050;42.45940722267611
1051;42.36722524585456
1052;42.27864286985932
1053;42.261539283556786
1054;42.22918608465725
1055;42.2277913106209
1056;42.170225762949705
1057;42.160804756250315
1058;42.123578321338684
1059;42.102238285165406
1060;42.073772505505644
1061;42.05211849833963
1062;42.01793872498108
1063;41.95283335554944
1064;41.93520469422933
1065;41.81115641151511
1066;41.80910550674868
1067;41.750646691131514
1068;41.71991219566256
1069;41.698655678842755
1070;41.67080274606681
1071;41.616754701986956
1072;41.48995056983275
1073;41.46400897814795
1074;41.206549611404114
1075;41.18981866904434
1076;41.1852587188404
1077;41.162183809390925
1078;41.1577262087278
1079;41.06865600206763
1080;41.06189758856136
1081;41.01294880886381
1082;40.98131421598891
1083;40.95954965583411
1084;40.93179469859997
1085;40.826583151474345
1086;40.79408148399583
1087;40.68333328685375
1088;40.59006446428968
1089;40.52597255254987
1090;40.50279456980823
1091;40.49702165461454
1092;40.485258877169436
1093;40.414387709546766
1094;40.25405744352638
1095;40.19496052765336
1096;40.168849719340194
1097;40.10563320384561
1098;40.058007502562006
1099;39.87828742398955
1100;39.67956704475984
1101;39.66408342673471
1102;39.64215513443341
1103;39.58636987891977
1104;39.56544250211376
1105;39.53311791238304
1106;39.4291439454923
1107;39.371010818029184
1108;39.30381065647753
1109;39.245197570682265
1110;39.17340891927613
1111;39.08642566668858
1112;39.08432727704951
1113;39.04412114633296
1114;38.881558937986384
1115;38.85723702140835
1116;38.85306415773167
1117;38.831019674683446
1118;38.720674548558314
1119;38.7161808346762
1120;38.69771798143318
1121;38.63607587934953
1122;38.6183074276588
1123;38.59976738427934
1124;38.58613613541109
1125;38.57735031181398
1126;38.571105125173446
1127;38.42502587723215
1128;38.3807954071485
1129;38.33857787694774
1130;38.320932711309425
1131;38.31536117103988
1132;38.28700065639593
1133;38.16073109975378
1134;38.14747043352987
1135;37.913055571902085
1136;37.87090792343231
1137;37.84938975944763
1138;37.76967094446692
1139;37.696763355555056
1140;37.54441121406725
1141;37.53809401690318
1142;37.508731150324
1143;37.497839777340644
1144;37.47727731004877
1145;37.44064154822643
1146;37.369532317106795
1147;37.19610695907573
1148;37.177122439559916
1149;37.14473922350803
1150;37.13280310630463
1151;37.11654277255642
1152;36.91042162063337
1153;36.90182200805461
1154;36.80708626641262
1155;36.79921375797194
1156;36.77030623574446
1157;36.73070673302198
1158;36.717005879147095
1159;36.620114279037146
1160;36.61345960788912
1161;36.5843149237372
1162;36.54626129006947
1163;36.5162138954089
1164;36.513385396063995
1165;36.40064772059069
1166;36.29265505980108
1167;36.25139744609832
1168;36.24706263721724
1169;36.224380865322466
1170;36.19807022626001
1171;35.98040167707095
1172;35.94639964075343
1173;35.88720355893306
1174;35.87907246361999
1175;35.80655596425413
1176;35.80263066941577
1177;35.799753847132514
1178;35.75590369312681
1179;35.72091373088155
1180;35.71385039022899
1181;35.638294402126846
1182;35.57748055151852
1183;35.50935326580664
1184;35.50881433489271
1185;35.45092835445865
1186;35.37960089755658
1187;35.27297023474747
1188;35.254449618242134
1189;35.24505626047874
1190;35.24037414303578
1191;35.18889753416044
1192;35.08517361386256
1193;34.99946254176185
1194;34.982836361033684
1195;34.98090871408902
1196;34.917448884920496
1197;34.80945707020454
1198;34.792336466022405
1199;34.765599377569536
1200;34.75938899602898
1201;34.68707806669359
1202;34.64109392155262
1203;34.613264817667044
1204;34.56666550703074
1205;34.56576962934186
1206;34.53837413477037
1207;34.37697492902552
1208;34.34984395557634
1209;34.29372169919649
1210;34.281353121765406
1211;34.197894206175896
1212;34.162298810485666
1213;34.06790369924817
1214;33.94389945309078
1215;33.93028177462893
1216;33.88870686526176
1217;33.85926264718854
1218;33.80814176148391
1219;33.712904455717826
1220;33.647504441667934
1221;33.58974920752317
1222;33.58501181654472
1223;33.5476321804514
1224;33.505492417151
1225;33.478558793748185
1226;33.46541409044909
1227;33.461725268408394
1228;33.46075890280577
1229;33.292081851556226
1230;33.28260416961885
1231;33.27834195984115
1232;33.2474590494415
1233;33.17552383510723
1234;33.076783317109715
1235;33.03731121787904
1236;32.88731920945653
1237;32.64560090766218
1238;32.63532809396071
1239;32.631151609856424
1240;32.62744466542039
1241;32.58252733472173
1242;32.57819214213325
1243;32.57456137369222
1244;32.42017042472421
1245;32.38947125593428
1246;32.38586607056983
1247;32.38101322627309
1248;32.34225284823845
1249;32.29486386337192
1250;32.273484822811085
1251;32.255847177475296
1252;32.14301763543992
1253;32.10413810784728
1254;32.03361221682918
1255;31.94774132626685
1256;31.945310841498188
1257;31.93652717724861
1258;31.81534493648707
1259;31.74067475454325
1260;31.718722829964044
1261;31.660073885755065
1262;31.632724101490226
1263;31.63113344312286
1264;31.606737870520433
1265;31.5444686413993
1266;31.465575104650195
1267;31.382618610792843
1268;31.337732444740748
1269;31.33062085397355
1270;31.217061499897376
1271;31.210202768830783
1272;31.195030751767675
1273;31.19022838302018
1274;31.17324738411544
1275;31.1414147065195
1276;31.12647991784402
1277;31.11732440757747
1278;31.02273792929911
1279;31.01369854299845
1280;31.010528265124226
1281;30.972318194659465
1282;30.92978087111517
1283;30.920742772041446
1284;30.906991921781923
1285;30.889234820089353
1286;30.855846934798713
1287;30.839963280547337
1288;30.825224914796465
1289;30.809921504389106
1290;30.696062689900725
1291;30.652388512838932
1292;30.62736877552896
1293;30.514637002190707
1294;30.453185381123312
1295;30.40163666109652
1296;30.35245246275668
1297;30.2426610069871
1298;30.242228209407088
1299;30.240377304128153
1300;30.193588898283164
1301;30.171227796377064
1302;30.134567691155116
1303;30.08658829361183
1304;30.07205223034563
1305;30.05166236053738
1306;29.898514581541512
1307;29.88975757678915
1308;29.871653611401957
1309;29.80364597088268
1310;29.674928305042528
1311;29.591908322178032
1312;29.58518800580579
1313;29.54561631990613
1314;29.52690100498005
1315;29.508058592357674
1316;29.479031730447044
1317;29.44781653212023
1318;29.416239766109776
1319;29.39305187175003
1320;29.32981302547876
1321;29.316442639713586
1322;29.295107986807768
1323;29.205588710964363
1324;29.188456164602346
1325;29.121920033138952
1326;29.11398790713153
1327;29.070080405569026
1328;29.054823989277835
1329;28.95838901469973
1330;28.874607397647562
1331;28.813517574483626
1332;28.768852139945526
1333;28.751972145396547
1334;28.620044374706588
1335;28.599017552657514
1336;28.585274397421717
1337;28.525241659412895
1338;28.51205209675468
1339;28.46200338159738
1340;28.427518406874302
1341;28.325514470359924
1342;28.317167336245898
1343;28.30248048208221
1344;28.283581010906584
1345;28.214044704500147
1346;28.03661511804304
1347;27.994367049775228
1348;27.961746354559722
1349;27.92171607865356
1350;27.709708426641686
1351;27.679306958939588
1352;27.628679181861802
1353;27.57644679958629
1354;27.543907045798395
1355;27.479288592804274
1356;27.46070955000293
1357;27.303435989323532
1358;27.296705272230085
1359;27.250103435243638
1360;27.18511407796455
1361;27.172437151060542
1362;27.157711526471257
1363;27.130171322843648
1364;27.117413177600877
1365;27.11553075760288
1366;27.111495885518824
1367;26.88172429706509
1368;26.744423020914606
1369;26.58845562239873
1370;26.536006706720944
1371;26.525996256508094
1372;26.388196732145953
1373;26.35135425393837
1374;26.261648288510205
1375;26.082865697603644
1376;25.921671325027628
1377;25.784463065934073
1378;25.768233254329807
1379;25.591760056506374
1380;25.488191656394346
1381;25.418025830901716
1382;24.948792546787082
